material,Channel,Band,Recording,r,p,rob_r,q,rob_p,rob_q
Maps,AF3,Delta,Eyes Open,0.1799897225377257,0.21101718239430356,0.11119290461589107,0.6855444210170548,0.44203910482780073,0.997627611925373
Maps,AF3,Theta,Eyes Open,0.12246811565416518,0.3968428829867203,0.09733464058279485,0.5555800361814084,0.501296482532171,0.8421207564568873
Maps,AF3,Alpha,Eyes Open,0.2178409020963306,0.128580362299975,0.14470552138780537,0.20001389691107221,0.316038462295651,0.49161538579323494
Maps,AF3,Low Beta,Eyes Open,0.25526749620979644,0.07359384446488096,0.2487295686054001,0.20606276450166666,0.08154551826680906,0.24608667844425922
Maps,AF3,Upper Beta,Eyes Open,0.3830389089590302,0.0060407473892927655,0.38938567895929166,0.02114261586252468,0.005190356532506068,0.029374548001164125
Maps,AF3,High Beta,Eyes Open,0.2788759647414696,0.04985856978771814,0.33620949031205116,0.13967922074590597,0.01697820100837403,0.059423703529309105
Maps,AF3,Gamma,Eyes Open,0.235604100015953,0.09953464696450856,0.28681246852675624,0.44705306957202434,0.04344352148397101,0.20273643359186472
Maps,AF4,Delta,Eyes Open,0.1405687930321725,0.3302170721432709,0.09753928406198144,0.6855444210170548,0.5003928107630886,0.997627611925373
Maps,AF4,Theta,Eyes Open,0.13579385952017034,0.3470706703106946,0.15798438445793417,0.5398877093721917,0.2731828544423515,0.8421207564568873
Maps,AF4,Alpha,Eyes Open,0.24747406297435512,0.08314702352660745,0.18545607191132282,0.18433875669937136,0.19725100410194887,0.3911392253376493
Maps,AF4,Low Beta,Eyes Open,0.30075304676617554,0.03381564391970137,0.2731486571225004,0.20606276450166666,0.054949605389631805,0.24608667844425922
Maps,AF4,Upper Beta,Eyes Open,0.3833524063156211,0.005996053586060676,0.40334265922689677,0.02114261586252468,0.0036793406230313194,0.029374548001164125
Maps,AF4,High Beta,Eyes Open,0.3148721610802177,0.025936875549068986,0.41734911571964534,0.13967922074590597,0.0025665684503689465,0.035931958305165254
Maps,AF4,Gamma,Eyes Open,0.2559568285818908,0.07279255682638207,0.29981202197270157,0.44705306957202434,0.03440447792565046,0.20273643359186472
Maps,F3,Delta,Eyes Open,0.06453268232093994,0.6561477249264015,-0.1813787096761767,0.706620626843817,0.20745714353534606,0.9681333364982817
Maps,F3,Theta,Eyes Open,0.24595202075120554,0.08512148775984797,0.010920601956768528,0.4411954727856233,0.9400003776793961,0.9749873880700598
Maps,F3,Alpha,Eyes Open,0.23176548380942008,0.10533643239964077,0.11088938020363844,0.18433875669937136,0.4432938743282213,0.6206114240595098
Maps,F3,Low Beta,Eyes Open,0.2213966604658814,0.12230764498706219,0.13302659519462634,0.24372681066578233,0.35707619904464427,0.4121667060698563
Maps,F3,Upper Beta,Eyes Open,0.32554796812999126,0.021055595086889495,0.2916080200434099,0.036847291402056614,0.03990604684889113,0.06983558198555948
Maps,F3,High Beta,Eyes Open,0.21908196590032056,0.12636407908375052,0.1366259600092114,0.25272815816750105,0.34409619242669054,0.43794060854306066
Maps,F3,Gamma,Eyes Open,0.12578468694193473,0.38408182290389914,0.09873340582849234,0.6619113099793607,0.4951364968640184,0.6931910956096257
Maps,F4,Delta,Eyes Open,0.10266481376716619,0.4780350225910901,-0.04369195151987944,0.6855444210170548,0.7632021717990872,0.997627611925373
Maps,F4,Theta,Eyes Open,0.2358909531590826,0.09911120832443324,0.1796635664618004,0.4411954727856233,0.21185930069321562,0.8421207564568873
Maps,F4,Alpha,Eyes Open,0.24835847169694597,0.08201634026629881,0.20612490234503206,0.18433875669937136,0.15096475387072805,0.35225109236503216
Maps,F4,Low Beta,Eyes Open,0.2646843175877768,0.06323377208038228,0.23477729012615522,0.20606276450166666,0.1007629641213471,0.24608667844425922
Maps,F4,Upper Beta,Eyes Open,0.3378039447507297,0.01643029687295938,0.3384576456560388,0.03427163717465861,0.01621005145216285,0.03782345338837998
Maps,F4,High Beta,Eyes Open,0.29371273963778366,0.03843002954614846,0.3549724766067465,0.13967922074590597,0.011421912005429765,0.05330225602533891
Maps,F4,Gamma,Eyes Open,0.20441065002049633,0.15446724057835323,0.19081787528093713,0.44705306957202434,0.18437863961256112,0.6084153907226203
Maps,F7,Delta,Eyes Open,0.2327771564221657,0.10378274131341719,0.1438704240220017,0.6855444210170548,0.31886909985366174,0.997627611925373
Maps,F7,Theta,Eyes Open,0.14829026906512008,0.30406973858174396,0.05162238890815552,0.5398877093721917,0.7218177912487606,0.8421207564568873
Maps,F7,Alpha,Eyes Open,0.24651153993544292,0.08439143000698986,0.17524199818998443,0.18433875669937136,0.223508128764371,0.3911392253376493
Maps,F7,Low Beta,Eyes Open,0.28053135114259004,0.04846065944738094,0.15081705605853338,0.20606276450166666,0.29581089296155866,0.3906431238916034
Maps,F7,Upper Beta,Eyes Open,0.4283284601857124,0.0019144330104557473,0.35729841580616883,0.01340103107319023,0.010856754503824223,0.030398912610707825
Maps,F7,High Beta,Eyes Open,0.2788445213670333,0.04988543598068071,0.19025351320240183,0.13967922074590597,0.18570444488445598,0.37140888976891195
Maps,F7,Gamma,Eyes Open,0.20192010223191897,0.15966181056143727,0.11890910741866118,0.44705306957202434,0.4108085038572904,0.6931910956096257
Maps,F8,Delta,Eyes Open,0.07099755014359145,0.6241694162036218,0.030356914932295885,0.706620626843817,0.8342337984862789,0.997627611925373
Maps,F8,Theta,Eyes Open,0.1745151184464789,0.22546477001173593,0.06207907655664899,0.5260844633607172,0.6684500657685553,0.8421207564568873
Maps,F8,Alpha,Eyes Open,0.2874234006225082,0.04297909011968911,0.2413318508708459,0.18433875669937136,0.09134040519697974,0.35225109236503216
Maps,F8,Low Beta,Eyes Open,0.24179909217057366,0.09069585303381494,0.24032010153857816,0.21162365707890154,0.09274831340845052,0.24608667844425922
Maps,F8,Upper Beta,Eyes Open,0.3357589112819071,0.017135818587329304,0.31716182751017175,0.03427163717465861,0.024817059899709087,0.049634119799418175
Maps,F8,High Beta,Eyes Open,0.19884315821461818,0.16625466924608504,0.17767272664885583,0.2909456711806488,0.21705054717473668,0.3798384575557892
Maps,F8,Gamma,Eyes Open,0.08792787152860851,0.5437207525425973,0.012320855979995089,0.6619113099793607,0.9323240216089289,0.9323240216089289
Maps,FC5,Delta,Eyes Open,0.031908661838075586,0.8258886985429381,0.09383395737050354,0.8258886985429381,0.5168835754583898,0.997627611925373
Maps,FC5,Theta,Eyes Open,-0.028442194662550435,0.8445558000931133,0.004549137382504374,0.9853151001086322,0.9749873880700598,0.9749873880700598
Maps,FC5,Alpha,Eyes Open,0.16664227408597532,0.24741762114932475,0.05727471958163439,0.31489515419004965,0.6927878523783197,0.6927878523783197
Maps,FC5,Low Beta,Eyes Open,0.1892267246191923,0.18813406675091873,0.14742432314062084,0.2633876934512862,0.3069338830576884,0.3906431238916034
Maps,FC5,Upper Beta,Eyes Open,0.22929303924044575,0.10920871112485529,0.24450142906977423,0.1528921955747974,0.08703724839323534,0.11016606525523234
Maps,FC5,High Beta,Eyes Open,0.13705641264645216,0.3425636731751247,0.05398681686629064,0.40325144381193073,0.7096242450564731,0.7096242450564731
Maps,FC5,Gamma,Eyes Open,0.0941812494045237,0.5153264406973743,-0.07174495620927433,0.6619113099793607,0.6205147834103499,0.7239339139787416
Maps,FC6,Delta,Eyes Open,-0.1153247673847082,0.42515499815393787,-0.2806759363712299,0.6855444210170548,0.04834009170963404,0.5987505895042788
Maps,FC6,Theta,Eyes Open,0.09434257103510522,0.5146039346127074,-0.07307780996454394,0.6549504622343548,0.6140199615984265,0.8421207564568873
Maps,FC6,Alpha,Eyes Open,0.18980659997254926,0.186759170255347,0.2164542106699276,0.2614628383574858,0.13109116733818746,0.35225109236503216
Maps,FC6,Low Beta,Eyes Open,0.1315771243343385,0.3623864910634438,0.21825224537462565,0.461219170444383,0.12784257113985079,0.25483089694657474
Maps,FC6,Upper Beta,Eyes Open,0.1790084353028967,0.21355791548899122,0.26817129140345725,0.24915090140382312,0.05970755386591523,0.09287841712475703
Maps,FC6,High Beta,Eyes Open,0.1361923878444232,0.3456440946959406,0.14847629061578838,0.40325144381193073,0.3034567165574405,0.43794060854306066
Maps,FC6,Gamma,Eyes Open,0.03715799703186458,0.7978044884925556,0.012402949968597587,0.7978044884925556,0.9318741550850657,0.9323240216089289
Maps,O1,Delta,Eyes Open,0.07421929544038042,0.6084808414678284,-0.014489117310642955,0.706620626843817,0.920449624897905,0.997627611925373
Maps,O1,Theta,Eyes Open,0.0112614529082381,0.9381312692146943,-0.10564895879784236,0.9879944907711375,0.46526598760083515,0.8421207564568873
Maps,O1,Alpha,Eyes Open,0.08519189918438831,0.5563763483390607,0.08089044931997785,0.6491057397289042,0.5765499503120839,0.6927878523783197
Maps,O1,Low Beta,Eyes Open,0.026225964861119815,0.8565354411749555,-0.12614080185046866,0.8565354411749555,0.3827262270648666,0.4121667060698563
Maps,O1,Upper Beta,Eyes Open,0.19139874756533412,0.18302114788894364,0.19260744919927403,0.23293600640411008,0.18021944744447377,0.19408248186327942
Maps,O1,High Beta,Eyes Open,0.14525963497763264,0.3141690888906243,0.1072669646249737,0.40325144381193073,0.45842016314558254,0.5235946886145304
Maps,O1,Gamma,Eyes Open,0.12611575244801848,0.3828214877978743,0.09955083298852731,0.6619113099793607,0.49155486711758234,0.6931910956096257
Maps,O2,Delta,Eyes Open,0.12297817182397584,0.3948644022824853,0.01674698989370735,0.6855444210170548,0.9081027419864711,0.997627611925373
Maps,O2,Theta,Eyes Open,0.1373212525686807,0.34162287981882444,0.05652898759591815,0.5398877093721917,0.6965940114581509,0.8421207564568873
Maps,O2,Alpha,Eyes Open,0.23804861533609592,0.09597064168193925,0.20884522282763562,0.18433875669937136,0.1455275275510911,0.35225109236503216
Maps,O2,Low Beta,Eyes Open,0.20983328862570702,0.14358902152793168,0.1516582691131595,0.24372681066578233,0.29309395347007783,0.3906431238916034
Maps,O2,Upper Beta,Eyes Open,0.3436188996804393,0.01455768754080478,0.368849611369685,0.03427163717465861,0.008392728000332608,0.029374548001164125
Maps,O2,High Beta,Eyes Open,0.23916095585940456,0.09438200319336364,0.22083156732773654,0.2202246741178485,0.12328874038473783,0.2876737275643883
Maps,O2,Gamma,Eyes Open,0.1758367410346754,0.22191595100285824,0.162090722281145,0.5178038856733359,0.26074945316683723,0.6084153907226203
Maps,P7,Delta,Eyes Open,0.1284518651779065,0.373998079471794,-4.3140726919604417e-4,0.6855444210170548,0.997627611925373,0.997627611925373
Maps,P7,Theta,Eyes Open,-0.002183220309736671,0.9879944907711375,-0.10067154771337486,0.9879944907711375,0.4866663362768293,0.8421207564568873
Maps,P7,Alpha,Eyes Open,0.06781277041341913,0.639841930356897,0.06633855894797257,0.6890605403843505,0.6471502053995871,0.6927878523783197
Maps,P7,Low Beta,Eyes Open,0.04081348690207443,0.7783938099137434,-0.05057789146422591,0.8382702568301852,0.727226435640519,0.727226435640519
Maps,P7,Upper Beta,Eyes Open,0.11162668881661945,0.4402492631938102,0.010790484036792936,0.47411459113179555,0.9407139842117955,0.9407139842117955
Maps,P7,High Beta,Eyes Open,0.07422225128844298,0.6084665260675797,-0.13702613521706866,0.6084665260675797,0.34267133004286665,0.43794060854306066
Maps,P7,Gamma,Eyes Open,0.06206301792540066,0.6685308726220547,-0.11317615122336105,0.7199563243622127,0.4338889848874584,0.6931910956096257
Maps,P8,Delta,Eyes Open,0.11694538462571269,0.41863361747430083,-0.06805476128067406,0.6855444210170548,0.6386454847008236,0.997627611925373
Maps,P8,Theta,Eyes Open,0.2749929885103285,0.05326628941300446,0.09012113624638675,0.4411954727856233,0.533676738505223,0.8421207564568873
Maps,P8,Alpha,Eyes Open,0.3158008288549854,0.025477692893625448,0.23646830670109514,0.18433875669937136,0.09826316890851966,0.35225109236503216
Maps,P8,Low Beta,Eyes Open,0.31972468784673497,0.023612002907581267,0.2648731135159762,0.20606276450166666,0.06303867901011793,0.24608667844425922
Maps,P8,Upper Beta,Eyes Open,0.43588986966735704,0.001555530366959954,0.37058027243102615,0.01340103107319023,0.008068855658228184,0.029374548001164125
Maps,P8,High Beta,Eyes Open,0.3105162004173142,0.028184176158928823,0.23182056524369282,0.13967922074590597,0.10525138288634124,0.2876737275643883
Maps,P8,Gamma,Eyes Open,0.23668167339726326,0.09795119163662182,0.17514532636672597,0.44705306957202434,0.22376767318466234,0.6084153907226203
Maps,T7,Delta,Eyes Open,-0.09998120379584806,0.48967458644075346,-0.24563616077473885,0.6855444210170548,0.08553579850061127,0.5987505895042788
Maps,T7,Theta,Eyes Open,-0.19094825781224953,0.18407331082864362,-0.3536841022054876,0.5154052703202021,0.01174570741359527,0.1644399037903338
Maps,T7,Alpha,Eyes Open,-0.0334609341657846,0.8175597874763612,-0.07395090469741879,0.8175597874763612,0.609781283422743,0.6927878523783197
Maps,T7,Low Beta,Eyes Open,-0.09234061968831873,0.5236059611291091,-0.23168181788601186,0.610873621317294,0.10546571933325394,0.24608667844425922
Maps,T7,Upper Beta,Eyes Open,-0.07168172346984647,0.6208236266122081,-0.26155895623518555,0.6208236266122081,0.06653413351468751,0.09314778692056251
Maps,T7,High Beta,Eyes Open,-0.136586662232908,0.3442363131360878,-0.37143644378132495,0.40325144381193073,0.007912678212538611,0.05330225602533891
Maps,T7,Gamma,Eyes Open,-0.1051120483871022,0.46754976751500366,-0.31985493883999755,0.6619113099793607,0.02355209532693986,0.20273643359186472
Maps,T8,Delta,Eyes Open,0.19824762775092514,0.1675532582015098,-0.009876077905918096,0.6855444210170548,0.9457301364027049,0.997627611925373
Maps,T8,Theta,Eyes Open,0.2192558633237154,0.12605584936732095,0.14726295430311237,0.4411954727856233,0.3074695220452668,0.8421207564568873
Maps,T8,Alpha,Eyes Open,0.2695535362945409,0.058354229656926604,0.29752664565331505,0.18433875669937136,0.035869907486310706,0.35225109236503216
Maps,T8,Low Beta,Eyes Open,0.20334160372365934,0.15668152114228864,0.2087995223334941,0.24372681066578233,0.1456176553980427,0.25483089694657474
Maps,T8,Upper Beta,Eyes Open,0.2339967318187882,0.10193327086557506,0.23912850676534106,0.1528921955747974,0.09442805593305628,0.11016606525523234
Maps,T8,High Beta,Eyes Open,0.08105128260594616,0.5757896765852085,0.1007798979156392,0.6084665260675797,0.48619506799920686,0.5235946886145304
Maps,T8,Gamma,Eyes Open,0.08284271920716443,0.5673525514108805,0.07436870562355181,0.6619113099793607,0.6077574184229972,0.7239339139787416
Vocabulary,AF3,Delta,Eyes Open,0.1567695682750431,0.2769351522117868,0.05984246434738647,0.8937908679033256,0.6797401325858171,0.8089972358152617
Vocabulary,AF3,Theta,Eyes Open,0.042338295488391305,0.7703357340789279,0.12560655273498064,0.9526466405022743,0.3847609791650132,0.994883628799534
Vocabulary,AF3,Alpha,Eyes Open,0.17637698007978928,0.22047651828071774,0.04430522696821429,0.3429634728811165,0.7599766616024533,0.8189618402442945
Vocabulary,AF3,Low Beta,Eyes Open,0.19391787679642555,0.17721695597836876,0.18340952522085072,0.39438071215130704,0.20232834831459912,0.8833086969431748
Vocabulary,AF3,Upper Beta,Eyes Open,0.2183343942558608,0.12769561039796634,0.19169219602832863,0.3575477091143057,0.18233809582645247,0.8509111138567782
Vocabulary,AF3,High Beta,Eyes Open,0.12957464101771102,0.369801116141402,0.19595729022315006,0.9905560154893804,0.17261622740331395,0.8055423945487985
Vocabulary,AF3,Gamma,Eyes Open,0.07954469388495962,0.5829293514339835,0.13441463925258304,0.719974247624725,0.3520356905817006,0.6026669895481048
Vocabulary,AF4,Delta,Eyes Open,0.08968641945250598,0.5356602787164193,-0.0214579773176724,0.8937908679033256,0.8824137515206566,0.8824137515206566
Vocabulary,AF4,Theta,Eyes Open,0.06249529296548334,0.6663569694029297,0.16986851222747995,0.9526466405022743,0.23825252649456147,0.994883628799534
Vocabulary,AF4,Alpha,Eyes Open,0.19594003861801962,0.17265477911507718,0.04733893905519281,0.3429634728811165,0.7440812719048575,0.8189618402442945
Vocabulary,AF4,Low Beta,Eyes Open,0.2673380807743963,0.060535433456010625,0.2193346689136299,0.28249868946138296,0.12591635488350492,0.8833086969431748
Vocabulary,AF4,Upper Beta,Eyes Open,0.2525622091515,0.07680620014218358,0.20128624749997412,0.26882170049764254,0.16100403735959515,0.8509111138567782
Vocabulary,AF4,High Beta,Eyes Open,0.1394521401607433,0.3341116738731694,0.14718003723237486,0.9905560154893804,0.30774498539030287,0.861685959092848
Vocabulary,AF4,Gamma,Eyes Open,0.07888186396329613,0.5860830942606612,0.034224993402597235,0.719974247624725,0.8134673853498664,0.8134673853498664
Vocabulary,F3,Delta,Eyes Open,-0.13611662768495777,0.34591500749229487,-0.21842458218247102,0.8937908679033256,0.12753441470963628,0.5468190481187089
Vocabulary,F3,Theta,Eyes Open,0.04199177021778705,0.772164924705149,0.050014048484673196,0.9526466405022743,0.730151641097677,0.994883628799534
Vocabulary,F3,Alpha,Eyes Open,0.16472306725843744,0.2529816367410624,0.010748446167195917,0.3541742914374873,0.9409445426447103,0.9409445426447103
Vocabulary,F3,Low Beta,Eyes Open,0.0867780277251172,0.5490225729375865,-0.02878692864360619,0.6405263350938509,0.8426954237704776,0.9629352661255608
Vocabulary,F3,Upper Beta,Eyes Open,0.18214711167890116,0.2055059222258039,0.038617723138540894,0.38010575146046977,0.7900380926893964,0.9420754091152403
Vocabulary,F3,High Beta,Eyes Open,-0.001717379177701091,0.9905560154893804,-0.1289809769001625,0.9905560154893804,0.3720167040117809,0.8680389760274888
Vocabulary,F3,Gamma,Eyes Open,-0.09561781945073669,0.5089105194332906,-0.15322839335007313,0.719974247624725,0.28806630999777344,0.6026669895481048
Vocabulary,F4,Delta,Eyes Open,-0.12207710868149736,0.39836349243767577,-0.21882709755526297,0.8937908679033256,0.1268168544542648,0.5468190481187089
Vocabulary,F4,Theta,Eyes Open,0.04284481457181836,0.7676642166361737,0.11885400740370204,0.9526466405022743,0.41102691458611507,0.994883628799534
Vocabulary,F4,Alpha,Eyes Open,0.17741768275519326,0.21772193773308604,0.057896474477547574,0.3429634728811165,0.689620189110539,0.8189618402442945
Vocabulary,F4,Low Beta,Eyes Open,0.17577976603452766,0.22206813634896386,-0.016968494306604475,0.39438071215130704,0.9068925836743165,0.9629352661255608
Vocabulary,F4,Upper Beta,Eyes Open,0.20054127100071445,0.1625921004964815,0.02458211200652073,0.37938156782512356,0.8654420249933253,0.9420754091152403
Vocabulary,F4,High Beta,Eyes Open,0.00978143169494594,0.9462494588701575,0.030421915210837994,0.9905560154893804,0.8338838653669453,0.9187845988796023
Vocabulary,F4,Gamma,Eyes Open,-0.11416890685074815,0.42984107912958813,-0.17273765472739397,0.719974247624725,0.23029920458916922,0.6026669895481048
Vocabulary,F7,Delta,Eyes Open,0.15600407527076232,0.27931697485826873,0.057149547068831914,0.8937908679033256,0.6934262021273672,0.8089972358152617
Vocabulary,F7,Theta,Eyes Open,0.08650729723283358,0.5502744679919704,0.20121964217057742,0.9526466405022743,0.1611455560463787,0.994883628799534
Vocabulary,F7,Alpha,Eyes Open,0.1877458428723437,0.1916780473568248,0.08145685297006487,0.3429634728811165,0.5738745467121447,0.8189618402442945
Vocabulary,F7,Low Beta,Eyes Open,0.21543395860891212,0.1329618587045796,0.11072191768752528,0.39438071215130704,0.443987006907434,0.887974013814868
Vocabulary,F7,Upper Beta,Eyes Open,0.2580091610495599,0.07044777673934098,0.11094928210004255,0.26882170049764254,0.4430460839894417,0.9420754091152403
Vocabulary,F7,High Beta,Eyes Open,0.1421980415537211,0.3245859480514883,0.005736670260673503,0.9905560154893804,0.9684609058082462,0.9684609058082462
Vocabulary,F7,Gamma,Eyes Open,0.07244072353337497,0.6171207836783357,-0.10060567968498906,0.719974247624725,0.4869529454935452,0.6026669895481048
Vocabulary,F8,Delta,Eyes Open,-0.050195387156530255,0.7292104428131214,-0.029247609318136372,0.8937908679033256,0.8402106628479891,0.8824137515206566
Vocabulary,F8,Theta,Eyes Open,9.132508277444893e-4,0.9949778903475657,0.04181162361943932,0.9949778903475657,0.7731163434634434,0.994883628799534
Vocabulary,F8,Alpha,Eyes Open,0.20764207317749128,0.1479141271522802,0.10200455696413861,0.3429634728811165,0.48088508049198353,0.8189618402442945
Vocabulary,F8,Low Beta,Eyes Open,0.17455377824162915,0.225360406943604,0.08971255446155565,0.39438071215130704,0.5355409275059528,0.8985363068739044
Vocabulary,F8,Upper Beta,Eyes Open,0.1776146566882253,0.21720328654883986,0.02813452890170782,0.38010575146046977,0.8462168453098621,0.9420754091152403
Vocabulary,F8,High Beta,Eyes Open,0.013141356008827057,0.9278287305619908,0.08538469107207951,0.9905560154893804,0.5554800289173918,0.9187845988796023
Vocabulary,F8,Gamma,Eyes Open,-0.10378655661298004,0.47321349422131,-0.09627792881391443,0.719974247624725,0.5059760331254847,0.6026669895481048
Vocabulary,FC5,Delta,Eyes Open,-0.07255786532990156,0.6165501336642354,-0.2035567593323239,0.8937908679033256,0.15623401374820253,0.5468190481187089
Vocabulary,FC5,Theta,Eyes Open,-0.17192217334209545,0.23254089987825977,-0.09201478805490938,0.9526466405022743,0.5250784687874568,0.994883628799534
Vocabulary,FC5,Alpha,Eyes Open,0.06300892211326348,0.663777462686909,-0.125905376990225,0.7213076427966811,0.3836220827832816,0.8189618402442945
Vocabulary,FC5,Low Beta,Eyes Open,0.04875655586009256,0.7366891411690515,0.02091299117581327,0.7366891411690515,0.8853799478622648,0.9629352661255608
Vocabulary,FC5,Upper Beta,Eyes Open,0.08465130365677181,0.5588932969632181,0.022861119543764675,0.7113187415895503,0.8747843084641518,0.9420754091152403
Vocabulary,FC5,High Beta,Eyes Open,0.005546367124237981,0.9695066534506962,-0.026850330066652797,0.9905560154893804,0.8531571275310593,0.9187845988796023
Vocabulary,FC5,Gamma,Eyes Open,-0.01878255015028307,0.8969898618782715,-0.09390347250704349,0.8969898618782715,0.516571705326947,0.6026669895481048
Vocabulary,FC6,Delta,Eyes Open,-0.16632122164007945,0.24834256490578208,-0.22395166756471538,0.8937908679033256,0.11794533338841233,0.5468190481187089
Vocabulary,FC6,Theta,Eyes Open,-0.036939422128025506,0.7989690946310816,-0.07677335504393598,0.9526466405022743,0.5961659664931889,0.994883628799534
Vocabulary,FC6,Alpha,Eyes Open,0.1101930077303506,0.4461801119051576,0.06138343649525784,0.5678655969702006,0.671953917594895,0.8189618402442945
Vocabulary,FC6,Low Beta,Eyes Open,0.10938977102814754,0.4495220964959735,0.1594614473895993,0.6103034304993638,0.26866609233885713,0.8833086969431748
Vocabulary,FC6,Upper Beta,Eyes Open,0.05396253851233394,0.7097490913662186,0.06188023197971978,0.7643451753174662,0.6694509113545821,0.9420754091152403
Vocabulary,FC6,High Beta,Eyes Open,-0.017953507876092345,0.9015136721277346,0.028404006189236015,0.9905560154893804,0.8447619381941257,0.9187845988796023
Vocabulary,FC6,Gamma,Eyes Open,-0.10104170688618445,0.48505731921329986,-0.12303036108897966,0.719974247624725,0.39466228917953683,0.6026669895481048
Vocabulary,O1,Delta,Eyes Open,-0.09619338136330394,0.5063514029253138,-0.11682407993818696,0.8937908679033256,0.4191197656501472,0.6526760773012398
Vocabulary,O1,Theta,Eyes Open,-0.04925354663964218,0.7341031311583734,-0.0023825290006447815,0.9526466405022743,0.9868985854388175,0.994883628799534
Vocabulary,O1,Alpha,Eyes Open,0.18510215066571495,0.19812253678013653,0.044212411273182324,0.3429634728811165,0.7604645659411307,0.8189618402442945
Vocabulary,O1,Low Beta,Eyes Open,0.10231958338725185,0.47952412396378585,-0.08066203288080348,0.6103034304993638,0.5776304829903671,0.8985363068739044
Vocabulary,O1,Upper Beta,Eyes Open,0.16310390295624091,0.25774095149222476,-0.04289112953376819,0.4009303689879052,0.7674200719268338,0.9420754091152403
Vocabulary,O1,High Beta,Eyes Open,-0.033447581877891215,0.8176313472588086,-0.16432751991685055,0.9905560154893804,0.25413878427820147,0.861685959092848
Vocabulary,O1,Gamma,Eyes Open,-0.10755562174630846,0.4572046242521619,-0.1787259412197578,0.719974247624725,0.21429329050438717,0.6026669895481048
Vocabulary,O2,Delta,Eyes Open,-0.043140398801719916,0.7661064582028505,-0.12418163178761038,0.8937908679033256,0.3902191978628571,0.6526760773012398
Vocabulary,O2,Theta,Eyes Open,0.025853151379389892,0.8585538778062524,0.045334661156810084,0.9526466405022743,0.7545714739877025,0.994883628799534
Vocabulary,O2,Alpha,Eyes Open,0.24246863077777095,0.08977841654847302,0.10894831363154897,0.3429634728811165,0.45136468156646814,0.8189618402442945
Vocabulary,O2,Low Beta,Eyes Open,0.28030351264074516,0.04865114718213742,0.008310649252770556,0.28249868946138296,0.9543223317241565,0.9629352661255608
Vocabulary,O2,Upper Beta,Eyes Open,0.2932378920441567,0.038759047753513964,0.0860036703654442,0.26882170049764254,0.552606922854685,0.9420754091152403
Vocabulary,O2,High Beta,Eyes Open,0.05751413571981412,0.6915674761521446,-0.07855426325741044,0.9905560154893804,0.5876446422087664,0.9187845988796023
Vocabulary,O2,Gamma,Eyes Open,-0.0813316672065572,0.5744653702214066,-0.14163810904363713,0.719974247624725,0.32651435939868834,0.6026669895481048
Vocabulary,P7,Delta,Eyes Open,-0.1228351794659753,0.395418478499197,-0.10542986308430706,0.8937908679033256,0.4661971980723142,0.6526760773012398
Vocabulary,P7,Theta,Eyes Open,-0.1713042762463469,0.2342494033566751,0.001482126906993879,0.9526466405022743,0.9918496366406213,0.994883628799534
Vocabulary,P7,Alpha,Eyes Open,0.06181374883724234,0.6697856683112039,0.04708287519997042,0.7213076427966811,0.7454189715173046,0.8189618402442945
Vocabulary,P7,Low Beta,Eyes Open,-0.053512573115334354,0.7120643062506975,-0.14738906004518718,0.7366891411690515,0.3070508823356797,0.8833086969431748
Vocabulary,P7,Upper Beta,Eyes Open,0.0010526723134780412,0.9942112018772422,-0.15939447069226959,0.9942112018772422,0.2688698213787222,0.9410443748255276
Vocabulary,P7,High Beta,Eyes Open,-0.12741965439640854,0.3778815717982743,-0.2693059584647883,0.9905560154893804,0.05859479655224833,0.8055423945487985
Vocabulary,P7,Gamma,Eyes Open,-0.1553479210722831,0.28136929498655217,-0.2806733190664991,0.719974247624725,0.04834227207578286,0.6026669895481048
Vocabulary,P8,Delta,Eyes Open,-0.0665253557947717,0.6462223328041758,-0.17196693932175325,0.8937908679033256,0.2324174541437546,0.6507688716025128
Vocabulary,P8,Theta,Eyes Open,0.09974484135393152,0.4907067844788616,-9.303921438056108e-4,0.9526466405022743,0.994883628799534,0.994883628799534
Vocabulary,P8,Alpha,Eyes Open,0.24086840958716704,0.09198323177638432,0.12972253916307935,0.3429634728811165,0.3692503900426186,0.8189618402442945
Vocabulary,P8,Low Beta,Eyes Open,0.2961807243682369,0.036756793280696275,0.1272397526660775,0.28249868946138296,0.3785608701185035,0.8833086969431748
Vocabulary,P8,Upper Beta,Eyes Open,0.3128995029016197,0.026935280686277437,0.13004053560764478,0.26882170049764254,0.36806794505339113,0.9420754091152403
Vocabulary,P8,High Beta,Eyes Open,0.0815201010981515,0.5735761485152985,-0.04650712038663987,0.9905560154893804,0.7484294747882748,0.9187845988796023
Vocabulary,P8,Gamma,Eyes Open,-0.04888633934171929,0.7360135541378894,-0.17966749369534785,0.7926299813792654,0.21184914680970754,0.6026669895481048
Vocabulary,T7,Delta,Eyes Open,0.005877872117060238,0.9676850117749564,-0.14719178208439565,0.9679279768167927,0.30770595756218405,0.6526760773012398
Vocabulary,T7,Theta,Eyes Open,-0.20177945836471592,0.15995892291130423,-0.18605533577536548,0.9526466405022743,0.19578151641647046,0.994883628799534
Vocabulary,T7,Alpha,Eyes Open,0.011812126356286243,0.9351122685443032,-0.11293100203208964,0.9351122685443032,0.4348918414730828,0.8189618402442945
Vocabulary,T7,Low Beta,Eyes Open,-0.10928923563228207,0.4499413544080746,-0.13429784768015063,0.6103034304993638,0.35245811569777963,0.8833086969431748
Vocabulary,T7,Upper Beta,Eyes Open,-0.09707874825861496,0.5024276373020844,-0.22197641751660482,0.7033986922229181,0.12130724217111646,0.8509111138567782
Vocabulary,T7,High Beta,Eyes Open,-0.13242613119152966,0.35927027842155257,-0.21907444194061032,0.9905560154893804,0.12637742796615872,0.8055423945487985
Vocabulary,T7,Gamma,Eyes Open,-0.10825406059139892,0.45427075427941477,-0.2221632433733009,0.719974247624725,0.1209861878116328,0.6026669895481048
Vocabulary,T8,Delta,Eyes Open,0.005833655305768463,0.9679279768167927,-0.11264612015295095,0.9679279768167927,0.4360588626851414,0.6526760773012398
Vocabulary,T8,Theta,Eyes Open,0.021056181789311543,0.884600451894969,-0.03668633844615676,0.9526466405022743,0.8003181107515069,0.994883628799534
Vocabulary,T8,Alpha,Eyes Open,0.17911721002393893,0.21327522911535374,0.10905292914008365,0.3429634728811165,0.45092765650321076,0.8189618402442945
Vocabulary,T8,Low Beta,Eyes Open,0.1858559145719363,0.19626966291894965,0.006742381715074957,0.39438071215130704,0.9629352661255608,0.9629352661255608
Vocabulary,T8,Upper Beta,Eyes Open,0.05718550137681142,0.6932428221986804,-0.0011576097218960483,0.7643451753174662,0.9936341471290148,0.9936341471290148
Vocabulary,T8,High Beta,Eyes Open,-0.09832220098450939,0.4969433173354443,-0.0680024584448952,0.9905560154893804,0.6389040021542929,0.9187845988796023
Vocabulary,T8,Gamma,Eyes Open,-0.10288231211924849,0.4770981334115728,-0.07205451523063473,0.719974247624725,0.6190037617822236,0.6666194357654716
